,theta,fully_diff,control
0,0.0,0.0983540746688077,0.1016
1,0.1,0.6477318346045765,0.5405
2,0.2,0.5748695303091128,0.7197
3,0.30000000000000004,0.6477318346045765,0.6382
4,0.4,0.6683059012444801,0.7498
5,0.5,0.6864712966680048,0.6602
6,0.6000000000000001,0.7890405459654757,0.6717
7,0.7000000000000001,0.912786029706945,0.7689
8,0.8,0.8669209152950622,0.7679
9,0.9,0.7388598956242473,0.7672
10,1.0,0.9555399437976716,0.8415
