,theta,fully_diff,control
0,0.0,0.11190285026093938,0.1589
1,0.1,0.6907868325973504,0.7583
2,0.2,0.6701124046567644,0.6171
3,0.30000000000000004,0.46156162183861904,0.657
4,0.4,0.6800481734243276,0.7301
5,0.5,0.7307306302689683,0.7534
6,0.6000000000000001,0.8359092733841831,0.7713
7,0.7000000000000001,0.7254114813327981,0.8086
8,0.8,0.7405660377358491,0.661
9,0.9,0.7365515857085508,0.4777
10,1.0,0.8796668004817343,0.6706
